<?xml version="1.0" encoding="UTF-8"?>
<project-private xmlns="http://www.netbeans.org/ns/project-private/1">
    <editor-bookmarks xmlns="http://www.netbeans.org/ns/editor-bookmarks/2" lastBookmarkId="0"/>
    <open-files xmlns="http://www.netbeans.org/ns/projectui-open-files/2">
        <group>
            <file>file:/H:/OOP/doAnOOP/src/doanoop/Internal/QuanlyTK.java</file>
            <file>file:/H:/OOP/doAnOOP/src/controller/DAO.java</file>
            <file>file:/H:/OOP/doAnOOP/src/Phieu/Phieu.java</file>
            <file>file:/H:/OOP/doAnOOP/src/doanoop/Login.java</file>
            <file>file:/H:/OOP/doAnOOP/src/doanoop/Home.java</file>
            <file>file:/H:/OOP/doAnOOP/src/view/Update_TR.java</file>
            <file>file:/H:/OOP/doAnOOP/src/Phieu/ChiTietPhieu.java</file>
            <file>file:/H:/OOP/doAnOOP/src/view/Phieu_Detail.java</file>
            <file>file:/H:/OOP/doAnOOP/src/doanoop/Internal/TrangChu.java</file>
            <file>file:/H:/OOP/doAnOOP/src/doanoop/Home_NVNK.java</file>
        </group>
    </open-files>
</project-private>
